‚Ññ,Language,Language (local),Wiki,Articles,Total,Edits,Admins,Users,Active Users,Files,Depth,More than 
1,English,English,en,"6,535,054","56,351,446","1,096,722,167","1,031","43,990,228","115,594","895,972",1131,1000000
2,Cebuano,Sinugboanong Binisaya,ceb,"6,125,832","11,231,884","34,875,708",6,"92,009",172,0,2,1000000
3,German,Deutsch,de,"2,704,265","7,469,120","222,788,583",193,"3,955,195","17,374","128,551",93,1000000
4,Swedish,Svenska,sv,"2,550,762","6,112,244","50,668,388",66,"827,323","1,935",0,16,1000000
5,French,Fran√ßais,fr,"2,436,197","12,097,797","194,660,961",159,"4,416,685","17,625","68,842",253,1000000
6,Dutch,Nederlands,nl,"2,094,726","4,457,001","62,243,944",37,"1,217,918","3,8",20,18,1000000
7,Russian,–†—É—Å—Å–∫–∏–π,ru,"1,834,146","7,398,681","123,546,011",76,"3,211,528","10,666","237,168",154,1000000
8,Spanish,Espa√±ol,es,"1,787,543","7,687,238","144,160,987",63,"6,585,985","13,962",0,204,1000000
9,Italian,Italiano,it,"1,761,465","7,462,920","127,947,674",122,"2,269,871","8,162","140,952",180,1000000
10,Egyptian Arabic,ŸÖÿµÿ±Ÿâ (Ma·π£ri),arz,"1,587,852","1,985,257","7,074,902",7,"185,675",189,"1,472",0,1000000
11,Polish,Polski,pl,"1,528,090","3,544,433","67,330,227",102,"1,179,935","4,244",261,33,1000000
12,Japanese,Êó•Êú¨Ë™û,ja,"1,332,807","3,938,110","90,167,360",40,"1,951,161","14,928","33,3",87,1000000
13,Chinese,‰∏≠Êñá,zh,"1,288,527","7,082,269","72,228,814",66,"3,238,759","8,995","60,246",206,1000000
14,Vietnamese,Ti·∫øng Vi·ªát,vi,"1,274,070","19,368,754","68,762,391",20,"871,594","2,142","24,292",--,1000000
15,Waray-Waray,Winaray,war,"1,265,784","2,881,603","6,284,439",3,"52,532",76,42,4,1000000
16,Arabic,ÿßŸÑÿπÿ±ÿ®Ÿäÿ©,ar,"1,174,051","7,758,429","58,490,518",26,"2,274,051","4,961","49,487",237,1000000
17,Ukrainian,–£–∫—Ä–∞—ó–Ω—Å—å–∫–∞,uk,"1,165,601","4,064,667","36,366,885",50,"632,755","3,203","110,302",55,1000000
18,Portuguese,Portugu√™s,pt,"1,093,835","5,381,601","63,760,613",55,"2,775,783","8,362","58,281",182,1000000
19,Persian,ŸÅÿßÿ±ÿ≥€å,fa,"918,318","5,315,290","34,973,863",34,"1,132,601","5,561","81,344",151,100000
20,Catalan,Catal√†,ca,"703,21","1,756,012","30,371,622",30,"423,14","1,046","15,321",39,100000
21,Serbian,–°—Ä–ø—Å–∫–∏ / Srpski,sr,"660,386","3,978,085","24,885,418",18,"308,559",777,"35,944",158,100000
22,Indonesian,Bahasa Indonesia,id,"624,29","3,254,460","21,313,772",41,"1,337,311","2,994","47,124",116,100000
23,Korean,ÌïúÍµ≠Ïñ¥,ko,"594,601","2,712,435","32,883,118",28,"743,384","1,686","12,631",154,100000
24,Norwegian (Bokm√•l),Norsk (Bokm√•l),no,"593,338","1,691,754","22,676,437",40,"556,151","1,064",6,46,100000
25,Finnish,Suomi,fi,"533,771","1,403,577","20,523,134",30,"517,53","1,64","69,252",39,100000
26,Hungarian,Magyar,hu,"507,316","1,443,506","25,019,091",24,"507,416","1,544","8,336",59,100000
27,Czech,ƒåe≈°tina,cs,"506,406","1,394,040","21,406,840",32,"582,297","2,249",1,47,100000
28,Turkish,T√ºrk√ße,tr,"498,646","2,347,037","28,015,721",24,"1,409,601",3,"37,368",164,100000
29,Chechen,–ù–æ—Ö—á–∏–π–Ω,ce,"476,825","903,275","8,641,380",3,"30,327",55,312,8,100000
30,Serbo-Croatian,Srpskohrvatski / –°—Ä–ø—Å–∫–æ—Ö—Ä–≤–∞—Ç—Å–∫–∏,sh,"456,736","4,643,946","41,237,865",12,"175,155",197,"10,237",746,100000
31,Romanian,Rom√¢nƒÉ,ro,"431,746","2,614,004","14,953,915",18,"588,909",896,"116,352",146,100000
32,Min Nan,B√¢n-l√¢m-g√∫,zh-min-nan,"431,284","1,062,247","3,125,321",6,"53,439",87,362,6,100000
33,Tatar,Tatar√ßa / –¢–∞—Ç–∞—Ä—á–∞,tt,"417,376","563,98","3,520,456",5,"42,699",91,"6,038",1,100000
34,Basque,Euskara,eu,"395,873","821,68","8,971,570",12,"137,632",463,0,13,100000
35,Malay,Bahasa Melayu,ms,"358,744","1,039,004","5,592,474",15,"296,538",624,"19,613",19,100000
36,Esperanto,Esperanto,eo,"321,084","707,136","7,616,785",16,"198,222",349,"10,515",16,100000
37,Hebrew,◊¢◊ë◊®◊ô◊™,he,"318,472","1,331,549","34,186,358",33,"986,59","3,092","73,413",260,100000
38,Armenian,’Ä’°’µ’•÷Ä’•’∂,hy,"292,638","986,611","8,453,962",11,"122,952",458,"11,244",48,100000
39,Bulgarian,–ë—ä–ª–≥–∞—Ä—Å–∫–∏,bg,"282,654","629,937","11,418,859",25,"309,704",697,561,27,100000
40,Danish,Dansk,da,"281,944","904,912","11,166,902",25,"433,001",784,0,60,100000
41,South Azerbaijani,ÿ™€Üÿ±⁄©ÿ¨Ÿá,azb,"241,882","570,121","1,519,174",5,"37,31",118,244,5,100000
42,Slovak,Slovenƒçina,sk,"241,201","547,632","7,384,245",10,"220,144",528,0,22,100000
43,Kazakh,“ö–∞–∑–∞“õ—à–∞,kk,"231,775","586,651","3,046,498",16,"120,097",236,"10,535",12,100000
44,Estonian,Eesti,et,"228,622","540,046","6,143,853",33,"167,057",473,755,21,100000
45,Minangkabau,Minangkabau,min,"225,43","384,719","2,442,532",5,"15,989",40,177,3,100000
46,Belarusian,–ë–µ–ª–∞—Ä—É—Å–∫–∞—è,be,"219,948","643,859","4,147,602",11,"119,636",274,"3,225",24,100000
47,Simple English,Simple English,simple,"213,385","694,404","8,296,723",17,"1,214,552","1,048",36,61,100000
48,Croatian,Hrvatski,hr,"212,315","444,049","6,409,394",11,"276,092",478,"20,906",17,100000
49,Greek,ŒïŒªŒªŒ∑ŒΩŒπŒ∫Œ¨,el,"211,434","627,235","9,539,987",22,"366,04","1,056","18,486",59,100000
50,Lithuanian,Lietuvi≈≥,lt,"203,35","498,34","6,613,421",10,"165,422",318,"23,762",28,100000
51,Galician,Galego,gl,"186,069","470,112","6,117,961",8,"127,424",258,"1,803",30,100000
52,Azerbaijani,Az…ôrbaycanca,az,"184,865","506,946","6,508,095",17,"249,657",692,"23,729",39,100000
53,Slovenian,Sloven≈°ƒçina,sl,"176,871","438,317","5,704,257",22,"212,716",343,"8,332",28,100000
54,Urdu,ÿßÿ±ÿØŸà,ur,"172,566","982,554","4,954,704",11,"147,754",333,"12,233",111,100000
55,Norwegian (Nynorsk),Nynorsk,nn,"162,473","371,834","3,383,858",14,"121,07",114,16,15,100000
56,Georgian,·É•·Éê·É†·Éó·É£·Éö·Éò,ka,"161,604","459,103","4,381,024",6,"142,217",235,"14,835",32,100000
57,Hindi,‡§π‡§ø‡§®‡•ç‡§¶‡•Ä,hi,"151,865","1,182,221","5,570,929",6,"702,813","1,128","3,571",217,100000
58,Uzbek,O‚Äòzbek,uz,"150,506","660,126","2,681,363",17,"74,819",547,"2,052",47,100000
59,Thai,‡πÑ‡∏ó‡∏¢,th,"148,779","966,845","10,162,000",15,"427,092","1,002","27,266",318,100000
60,Tamil,‡Æ§‡ÆÆ‡Æø‡Æ¥‡Øç,ta,"147,298","463,812","3,446,367",31,"206,151",301,"8,059",34,100000
61,Latin,Latina,la,"137,076","275,487","3,681,870",21,"157,037",151,0,14,100000
62,Welsh,Cymraeg,cy,"134,91","273,738","11,087,724",16,"73,152",130,"11,264",43,100000
63,Asturian,Asturianu,ast,"129,767","228,104","3,686,679",11,"105,798",109,0,9,100000
64,Macedonian,–ú–∞–∫–µ–¥–æ–Ω—Å–∫–∏,mk,"129,288","523,158","4,775,859",12,"102,621",225,"8,67",85,100000
65,Cantonese,Á≤µË™û,zh-yue,"125,12","282,129","1,841,856",12,"241,974",299,"2,623",10,100000
66,Bengali,‡¶¨‡¶æ‡¶Ç‡¶≤‡¶æ,bn,"124,712","980,225","5,958,788",14,"380,106","1,199","15,111",286,100000
67,Volap√ºk,Volap√ºk,vo,"122,399","255,102","3,268,273",2,"32,169",34,0,15,100000
68,Latvian,Latvie≈°u,lv,"114,207","464,474","3,638,490",13,"107,262",282,"25,437",74,100000
69,Tajik,–¢–æ“∑–∏–∫”£,tg,"107,426","262,042","1,305,059",6,"35,804",82,485,10,100000
70,Afrikaans,Afrikaans,af,"103,823","371,733","2,505,390",16,"150,794",178,"9,609",45,100000
71,Burmese,·Äô·Äº·Äî·Ä∫·Äô·Ä¨·Äò·Ä¨·Äû·Ä¨,my,"103,53","215,344","749,735",4,"102,036",135,"2,978",4,100000
72,Malagasy,Malagasy,mg,"94,814","245,001","1,045,031",3,"28,604",49,3,11,10000
73,Bosnian,Bosanski,bs,"90,21","367,372","3,411,340",9,"143,672",152,"5,456",88,10000
74,Occitan,Occitan,oc,"87,373","156,027","2,305,308",4,"48,065",83,924,9,10000
75,Albanian,Shqip,sq,"85,772","262,392","2,457,452",11,"142,945",218,"4,725",40,10000
76,Marathi,‡§Æ‡§∞‡§æ‡§†‡•Ä,mr,"84,89","282,804","2,130,427",11,"144,68",175,"19,141",41,10000
77,Low Saxon,Plattd√º√ºtsch,nds,"83,819","161,919","989,295",4,"48,713",41,0,5,10000
78,Kyrgyz,–ö—ã—Ä–≥—ã–∑—á–∞,ky,"81,413","111,063","421,303",2,"32,85",66,"2,688",1,10000
79,Malayalam,‡¥Æ‡¥≤‡¥Ø‡¥æ‡¥≥‡¥Ç,ml,"78,712","486,396","3,695,624",15,"162,093",261,"6,951",204,10000
80,Belarusian (Tara≈°kievica),–ë–µ–ª–∞—Ä—É—Å–∫–∞—è (—Ç–∞—Ä–∞—à–∫–µ–≤—ñ—Ü–∞),be-tarask,"78,493","225,555","2,318,681",4,"75,724",124,"1,86",36,10000
81,Telugu,‡∞§‡±Ü‡∞≤‡±Å‡∞ó‡±Å,te,"77,225","304,369","3,578,133",13,"113,576",166,"13,177",102,10000
82,Swahili,Kiswahili,sw,"73,91","146,367","1,229,309",14,"54,366",175,"2,269",8,10000
83,Newar,‡§®‡•á‡§™‡§æ‡§≤ ‡§≠‡§æ‡§∑‡§æ,new,"72,352","196,934","848,657",2,"24,895",17,0,13,10000
84,Breton,Brezhoneg,br,"72,024","140,964","1,997,913",6,"69,648",75,"5,401",13,10000
85,Javanese,Basa Jawa,jv,"69,265","176,862","1,590,715",4,"53,507",77,"5,43",22,10000
86,Venetian,V√®neto,vec,"68,961","140,302","1,099,473",5,"31,865",47,724,8,10000
87,Haitian,Kr√®yol ayisyen,ht,"67,819","81,959","802,466",3,"28,329",60,0,0,10000
88,Piedmontese,Piemont√®is,pms,"66,336","101,446","855,09",4,"25,176",33,"2,069",2,10000
89,Western Punjabi,ÿ¥ÿß€Å ŸÖ⁄©⁄æ€å ŸæŸÜÿ¨ÿßÿ®€å (ShƒÅhmukhƒ´ Pa√±jƒÅbƒ´),pnb,"65,64","113,535","605,314",2,"32,182",56,225,3,10000
90,Sundanese,Basa Sunda,su,"61,26","97,328","627,142",7,"28,225",51,545,2,10000
91,Luxembourgish,L√´tzebuergesch,lb,"60,924","131,262","2,389,056",5,"54,787",69,"2,365",24,10000
92,Bashkir,–ë–∞—à“°–æ—Ä—Ç,ba,"60,177","169,48","1,144,731",7,"35,147",82,"1,454",22,10000
93,Ladin,Lingaz,lld,"59,568","62,771","92,684",2,"2,113",15,0,0,10000
94,Irish,Gaeilge,ga,"56,832","95,158","1,053,220",7,"52,13",87,"1,116",5,10000
95,Silesian,≈öl≈Ønski,szl,"55,775","69,013","347,153",3,"21,59",43,0,0,10000
96,Icelandic,√çslenska,is,"54,534","141,038","1,755,172",19,"86,154",122,"3,217",31,10000
97,Kurdish,Kurd√Æ / ŸÉŸàÿ±ÿØ€å,ku,"53,791","109,001","1,089,706",3,"51,388",110,565,11,10000
98,Lombard,Lumbaart,lmo,"52,004","120,737","1,106,647",5,"37,391",46,"4,437",16,10000
99,Chuvash,–ßƒÉ–≤–∞—à,cv,"49,445","97,355","747,65",2,"31,005",53,537,7,10000
100,West Frisian,Frysk,fy,"48,937","149,379","1,080,021",8,"43,169",78,"7,54",30,10000
101,Tagalog,Tagalog,tl,"42,86","233,137","1,949,154",11,"122,803",133,"1,897",165,10000
102,Wu,Âê¥ËØ≠,wuu,"42,553","55,363","294,074",4,"78,248",45,136,0,10000
103,Aragonese,Aragon√©s,an,"41,932","127,972","1,831,327",6,"67,868",85,"1,499",60,10000
104,Sorani,Soran√Æ / ⁄©Ÿàÿ±ÿØ€å,ckb,"41,913","183,349","954,922",7,"50,824",141,"1,586",59,10000
105,Scots,Scots,sco,"40,552","146,696","860,987",4,"94,368",88,690,40,10000
106,Zazaki,Zazaki,diq,"40,157","60,528","486,96",3,"24,769",26,209,2,10000
107,Punjabi,‡®™‡©∞‡®ú‡®æ‡®¨‡©Ä,pa,"38,144","133,574","605,836",9,"41,936",154,"1,568",28,10000
108,Yoruba,Yor√πb√°,yo,"34,224","59,088","549,716",3,"24,694",60,168,5,10000
109,Ido,Ido,io,"33,17","48,653","989,518",5,"33,451",44,0,4,10000
110,Nepali,‡§®‡•á‡§™‡§æ‡§≤‡•Ä,ne,"32,143","103,019","1,064,352",5,"58,212",81,"1,255",50,10000
111,Bavarian,Boarisch,bar,"31,78","116,529","829,623",3,"63,081",51,"1,32",51,10000
112,Gujarati,‡™ó‡´Å‡™ú‡™∞‡™æ‡™§‡´Ä,gu,"29,929","116,779","822,754",3,"68,427",72,0,59,10000
113,Alemannic,Alemannisch,als,"28,907","69,516","1,013,035",9,"91,879",83,571,29,10000
114,Kannada,‡≤ï‡≤®‡≥ç‡≤®‡≤°,kn,"28,25","129,592","1,101,999",3,"75,49",167,"2,591",109,10000
115,Sicilian,Sicilianu,scn,"26,204","55,685","732,618",5,"41,132",35,"1,407",17,10000
116,Bishnupriya Manipuri,‡¶á‡¶Æ‡¶æ‡¶∞ ‡¶†‡¶æ‡¶∞/‡¶¨‡¶ø‡¶∑‡ßç‡¶£‡ßÅ‡¶™‡ßç‡¶∞‡¶ø‡¶Ø‡¶º‡¶æ ‡¶Æ‡¶£‡¶ø‡¶™‡ßÅ‡¶∞‡ßÄ,bpy,"25,085","62,806","886,412",3,"23,404",24,47,32,10000
117,Interlingua,Interlingua,ia,"23,727","37,682","641,485",6,"44,439",41,4,6,10000
118,Kotava,Kotava,avk,"23,264","28,255","108,658",6,"2,953",29,0,0,10000
119,Quechua,Qichwa simi,qu,"23,015","55,935","649,881",2,"27,049",32,0,24,10000
120,Mongolian,–ú–æ–Ω–≥–æ–ª,mn,"21,273","97,568","703,942",3,"77,415",99,"1,475",93,10000
121,Navajo,Din√© bizaad,nv,"20,505","34,65","295,828",2,"15,015",13,707,4,10000
122,Mingrelian,·Éõ·Éê·É†·Éí·Éê·Éö·É£·É†·Éò (Margaluri),xmf,"19,531","36,416","184,061",3,"16,966",33,0,4,10000
123,Crimean Tatar,Qƒ±rƒ±mtatarca,crh,"19,352","38,984","175,947",2,"17,695",32,0,5,10000
124,Sinhalese,‡∑É‡∑í‡∂Ç‡∑Ñ‡∂Ω,si,"17,927","79,185","505,058",3,"57,877",65,"3,13",74,10000
125,Samogitian,≈Ωemaitƒó≈°ka,bat-smg,"17,078","29,078","355,419",5,"24,063",28,109,6,10000
126,Hausa,Hausa / ŸáŸéŸàŸèÿ≥Ÿé,ha,"16,745","29,911","157,334",4,"18,038",100,0,3,10000
127,Ossetian,–ò—Ä–æ–Ω–∞—É,os,"15,924","59,114","521,057",3,"22,455",34,165,65,10000
128,North Frisian,Nordfrasch,frr,"15,911","40,898","229,827",5,"17,864",24,"1,323",14,10000
129,Scottish Gaelic,G√†idhlig,gd,"15,853","32,145","566,213",6,"25,482",33,347,19,10000
130,Oriya,‡¨ì‡¨°‡¨º‡¨ø‡¨Ü,or,"15,696","71,247","459,576",5,"30,904",50,125,81,10000
131,Min Dong,M√¨ng-dƒïÃ§ng-ng·π≥ÃÑ,cdo,"15,527","31,204","88,942",4,"18,856",22,0,3,10000
132,Yiddish,◊ô◊ô÷¥◊ì◊ô◊©,yi,"15,397","44,114","577,537",3,"45,163",57,"1,062",46,10000
133,Buginese,Basa Ugi,bug,"15,387","19,577","200,482",1,"12,197",18,0,1,10000
134,Ilokano,Ilokano,ilo,"15,357","70,081","391,401",2,"16,112",20,0,71,10000
135,Sindhi,ÿ≥ŸÜ⁄åŸäÿå ÿ≥ŸÜÿØ⁄æ€å ÿå ‡§∏‡§ø‡§®‡•ç‡§ß,sd,"15,227","56,185","239,709",4,"15,627",32,145,31,10000
136,Amharic,·ä†·àõ·à≠·äõ,am,"15,033","45,895","371,285",2,"38,911",45,"1,765",34,10000
137,Pashto,Ÿæ⁄öÿ™Ÿà,ps,"14,79","53,381","281,54",1,"27,596",60,"1,712",36,10000
138,Neapolitan,Nnapulitano,nap,"14,73","23,703","664,588",3,"27,569",31,281,10,10000
139,Balinese,Bali,ban,"14,332","29,221","118,361",3,"5,196",31,112,4,10000
140,Sakha,–°–∞—Ö–∞ —Ç—ã–ª–∞ (Saxa Tyla),sah,"14,21","47,556","380,637",3,"22,066",38,"1,765",44,10000
141,Upper Sorbian,Hornjoserbsce,hsb,"13,821","35,359","377,158",4,"22,958",39,133,26,10000
142,Faroese,F√∏royskt,fo,"13,763","40,235","368,382",3,"26,757",44,0,34,10000
143,Banyumasan,Basa Banyumasan,map-bms,"13,752","30,191","213,036",1,"14,862",18,462,10,10000
144,Maithili,‡§Æ‡•à‡§•‡§ø‡§≤‡•Ä,mai,"13,717","39,13","229,193",5,"11,655",27,115,20,10000
145,Limburgish,Limburgs,li,"13,632","65,435","453,782",7,"26,409",23,623,100,10000
146,Mazandarani,ŸÖŸéÿ≤Ÿêÿ±ŸàŸÜŸä,mzn,"13,427","30,387","165,506",3,"29,891",40,263,9,10000
147,Gorontalo,Hulontalo,gor,"13,121","20,477","50,305",2,"3,963",41,0,1,10000
148,Emilian-Romagnol,Emili√†n e rumagn√≤l,eml,"13,009","35,032","151,925",3,"23,229",29,"2,739",12,10000
149,Acehnese,Basa Ac√®h,ace,"12,543","26,457","137,158",3,"23,976",26,0,6,10000
150,Central Bicolano,Bikol,bcl,"12,208","32,573","232,153",3,"19,533",44,865,20,10000
151,Sanskrit,‡§∏‡§Ç‡§∏‡•ç‡§ï‡•É‡§§‡§Æ‡•ç,sa,"11,766","69,88","468,746",4,"35,174",35,445,164,10000
152,Walloon,Walon,wa,"11,513","27,152","387,751",4,"22,123",17,614,26,10000
153,Classical Chinese,Âè§Êñá / ÊñáË®ÄÊñá,zh-classical,"11,381","96,411","378,931",6,"94,142",55,0,219,10000
154,Shan,·Äú·Ä≠·Åµ·Ä∫·Çà·Äê·ÇÜ·Ä∏,shn,"11,344","26,789","54,266",2,"3,225",15,60,4,10000
155,Ligurian,L√¨gure,lij,"10,998","26,583","230,645",8,"14,377",25,6,17,10000
156,Zulu,isiZulu,zu,"10,557","23,937","96,356",1,"17,325",36,0,6,10000
157,Assamese,‡¶Ö‡¶∏‡¶Æ‡ßÄ‡¶Ø‡¶º‡¶æ,as,"10,428","72,252","326,554",4,"34,168",112,"1,694",159,10000
158,Hill Mari,–ö—ã—Ä—ã–∫ –ú–∞—Ä—ã (Kyryk Mary),mrj,"10,427","18,575","100,389",1,"9,901",16,0,3,10000
159,Meadow Mari,–û–ª—ã–∫ –ú–∞—Ä–∏–π (Olyk Marij),mhr,"10,408","27,12","184,655",1,"13,043",27,0,18,10000
160,Fiji Hindi,Fiji Hindi,hif,"10,267","41,951","271,807",2,"29,365",34,192,62,10000
161,Western Armenian,‘±÷Ä’•÷Ç’¥’ø’°’∞’°’µ’•÷Ä’ß’∂,hyw,"10,186","21,432","194,25",5,"7,185",36,0,11,10000
162,Interlingue,Interlingue,ie,"10,083","13,834","149,526",3,"16,722",28,0,1,10000
163,Meitei,ÍØÉÍØ§ÍØáÍØ©ÍØÇÍØ£ÍØü,mni,"10,074","16,129","48,187",1,"2,08",17,0,1,10000
164,Hakka,Hak-k√¢-fa / ÂÆ¢ÂÆ∂Ë©±,hak,"9,441","18,257","122,313",1,"30,243",19,0,6,1000
165,Khmer,·ûó·û∂·ûü·û∂·ûÅ·üí·ûò·üÇ·ûö,km,"9,396","33,223","280,727",6,"36,03",77,"1,101",54,1000
166,Tarantino,Tarand√≠ne,roa-tara,"9,306","17,638","140,082",2,"10,768",8,288,6,1000
167,Kapampangan,Kapampangan,pam,"8,841","21,41","295,631",2,"19,317",22,403,28,1000
168,Northern Sotho,Sepedi,nso,"8,51","10,742","49,547",1,"5,777",19,0,0,1000
169,Rusyn,–†—É—Å–∏–Ω—å—Å–∫—ã–π,rue,"8,358","17,556","130,545",1,"25,147",39,87,9,1000
170,Igbo,√ågb√≤,ig,"8,296","14,494","82,988",5,"13,634",66,0,3,1000
171,Somali,Soomaali,so,"8,296","25,481","237,056",1,"31,889",60,0,40,1000
172,Shona,chiShona,sn,"8,287","16,522","96,36",1,"15,341",25,0,6,1000
173,Bhojpuri,‡§≠‡•ã‡§ú‡§™‡•Å‡§∞‡•Ä,bh,"7,995","68,674","721,936",2,"29,382",35,54,606,1000
174,Northern Sami,S√°megiella,se,"7,802","20,853","300,619",6,"26,151",22,0,40,1000
175,Erzya,–≠—Ä–∑—è–Ω—å (Erzjanj Kelj),myv,"7,7","25,993","139,204",4,"11,713",30,0,30,1000
176,West Flemish,West-Vlams,vls,"7,616","21,183","308,711",5,"24,546",20,480,46,1000
177,Dutch Low Saxon,Nedersaksisch,nds-nl,"7,596","20,395","320,511",6,"25,726",25,571,45,1000
178,Maori,MƒÅori,mi,"7,418","13,428","153,171",2,"16,502",21,0,7,1000
179,Santali,·±•·±ü·±±·±õ·±ü·±≤·±§,sat,"7,35","16,844","95,734",3,"5,347",37,0,9,1000
180,Sardinian,Sardu,sc,"7,324","16,355","177,169",4,"21,79",32,150,16,1000
181,Nahuatl,NƒÅhuatl,nah,"7,065","19,081","495,422",3,"20,632",29,170,75,1000
182,Vepsian,Veps√§n,vep,"6,699","30,915","150,721",1,"14,372",28,0,64,1000
183,Gan,Ë¥õË™û,gan,"6,489","33,572","394,728",1,"38,407",20,146,205,1000
184,Kabyle,Taqbaylit,kab,"6,422","15,879","105,81",2,"11,95",22,0,14,1000
185,Gilaki,⁄Ø€åŸÑ⁄©€å,glk,"6,408","13,778","61,89",3,"14,198",20,807,6,1000
186,Turkmen,T√ºrkmen,tk,"6,286","15,587","228,811",2,"24,565",54,319,32,1000
187,V√µro,V√µro,fiu-vro,"6,2","12,038","176,402",4,"13,137",18,201,13,1000
188,Corsican,Corsu,co,"6,196","14,782","379,428",2,"19,765",33,0,49,1000
189,Tibetan,‡Ωñ‡Ωº‡Ωë‡ºã‡Ω¶‡æê‡Ωë,bo,"6,012","17,549","139,779",1,"26,298",31,0,29,1000
190,Abkhazian,–ê‘•—Å—É–∞,ab,"5,985","20,338","117,94",2,"17,588",28,9,33,1000
191,Moroccan Arabic,ÿØÿßÿ±Ÿäÿ¨ÿ©,ary,"5,625","43,099","179,336",3,"6,067",38,35,185,1000
192,Franco-Proven√ßal,Arpetan,frp,"5,595","15,379","214,25",2,"14,614",24,0,43,1000
193,Komi,–ö–æ–º–∏,kv,"5,48","16,59","138,361",1,"13,162",14,0,34,1000
194,Cornish,Kernowek/Karnuack,kw,"5,469","11,69","199,252",2,"13,634",24,6,22,1000
195,Kashubian,Kasz√´bsczi,csb,"5,431","8,724","185,825",3,"15,355",23,0,8,1000
196,Manx,Gaelg,gv,"5,429","19,852","307,223",3,"17,951",19,185,109,1000
197,Picard,Picard,pcd,"5,4","10,529","68,693",3,"15,686",18,49,6,1000
198,Uyghur,ÿ¶€áŸäÿ∫€áÿ± ÿ™ŸâŸÑŸâ,ug,"5,293","14,866","153,595",1,"19,665",35,282,34,1000
199,Udmurt,–£–¥–º—É—Ä—Ç –∫—ã–ª,udm,"5,132","17,006","120,584",4,"13,732",22,9,38,1000
200,Saraiki,ÿ≥ÿ±ÿßÿ¶€å⁄©€å,skr,"5,131","5,68","26,607",1,"1,252",16,0,0,1000
201,Aymara,Aymar,ay,"5,027","8,623","95,513",1,"15,255",21,0,6,1000
202,Zeelandic,Ze√™uws,zea,"4,995","9,449","116,831",3,"11,977",13,1,10,1000
203,Norman,Nouormand/Normaund,nrm,"4,83","10,366","219,176",2,"12,279",16,0,28,1000
204,Guarani,Ava√±e'·∫Ω,gn,"4,812","11,09","120,237",2,"16,326",25,0,18,1000
205,Maltese,Malti,mt,"4,705","18,733","277,097",5,"20,072",31,"1,146",131,1000
206,Banjar,Bahasa Banjar,bjn,"4,584","22,292","76,828",2,"12,734",31,1,51,1000
207,Inari Sami,Anar√¢≈°kiel√¢,smn,"4,461","13,996","64,543",6,"2,226",20,0,21,1000
208,Lezgian,–õ–µ–∑–≥–∏ —á–Ü–∞–ª (Lezgi ƒç‚Äôal),lez,"4,305","12,987","86,527",3,"9,724",15,10,27,1000
209,Lingua Franca Nova,Lingua franca nova,lfn,"4,175","6,661","37,906",1,"9,046",22,0,2,1000
210,Saterland Frisian,Seeltersk,stq,"4,063","10,62","120,376",4,"12,469",22,438,30,1000
211,Lao,‡∫•‡∫≤‡∫ß,lo,"4,018","12,325","94,671",1,"15,316",33,0,33,1000
212,Mirandese,Mirand√©s,mwl,"3,88","10,207","98,652",1,"12,156",19,0,26,1000
213,Livvi-Karelian,Karjalan,olo,"3,86","10,542","31,973",2,"5,954",13,0,9,1000
214,Friulian,Furlan,fur,"3,758","8,578","170,27",2,"13,126",16,318,33,1000
215,Romansh,Rumantsch,rm,"3,754","9,593","162,877",3,"18,436",16,51,41,1000
216,Ladino,Dzhudezmo,lad,"3,605","12,943","208,81",5,"19,549",25,23,108,1000
217,Anglo-Saxon,√Ünglisc,ang,"3,58","16,232","205,213",2,"117,394",46,300,158,1000
218,Goan Konkani,‡§ó‡•ã‡§Ç‡§Ø‡§ö‡•Ä ‡§ï‡•ã‡§Ç‡§ï‡§£‡•Ä / G√µychi Konknni,gom,"3,548","9,024","206,324",4,"8,559",12,0,54,1000
219,Komi-Permyak,–ü–µ—Ä–µ–º –ö–æ–º–∏ (Perem Komi),koi,"3,443","10,915","59,64",1,"7,845",11,0,26,1000
220,Extremaduran,Estreme√±u,ext,"3,362","7,522","115,652",1,"15,968",11,0,24,1000
221,Tuvan,–¢—ã–≤–∞,tyv,"3,358","11,118","43,302",1,"8,031",15,0,21,1000
222,Lower Sorbian,Dolnoserbski,dsb,"3,323","11,193","142,726",1,"17,143",21,0,72,1000
223,Kinyarwanda,Ikinyarwanda,rw,"3,311","9,33","85,723",1,"11,051",33,0,30,1000
224,Doteli,‡§°‡•ã‡§ü‡•á‡§≤‡•Ä,dty,"3,305","19,13","237,292",3,"5,452",17,3,284,1000
225,Tumbuka,chiTumbuka,tum,"3,278","5,132","28,01",1,"7,137",17,0,2,1000
226,Lingala,Lingala,ln,"3,27","8,556","121,645",4,"11,719",23,32,37,1000
227,Zamboanga Chavacano,Chavacano de Zamboanga,cbk-zam,"3,125","8,228","110,025",2,"13,463",19,0,36,1000
228,Divehi,ﬁãﬁ®ﬁàﬁ¨ﬁÄﬁ®ﬁÑﬁ¶ﬁêﬁ∞,dv,"3,018","11,192","129,849",3,"23,249",26,932,85,1000
229,Ripuarian,Ripoarisch,ksh,"2,914","10,534","1,606,768",3,"21,293",14,0,1043,1000
230,Avar,–ê–≤–∞—Ä,av,"2,894","14,005","81,501",2,"13,234",29,0,86,1000
231,Gagauz,Gagauz,gag,"2,793","6,57","67,591",1,"12,571",21,0,19,1000
232,Buryat,–ë—É—Ä—è–∞–¥,bxr,"2,771","11,035","69,807",2,"13,726",23,9,56,1000
233,Palatinate German,P√§lzisch,pfl,"2,74","6,904","89,792",4,"10,687",14,0,30,1000
234,Pangasinan,Pangasinan,pag,"2,575","8,809","73,012",1,"7,533",13,0,49,1000
235,Papiamentu,Papiamentu,pap,"2,555","5,883","88,179",5,"13,299",22,0,25,1000
236,Pali,‡§™‡§æ‡§¥‡§ø,pi,"2,546","4,637","101,6",2,"6,599",10,0,15,1000
237,Hawaiian,Hawai ªi,haw,"2,452","5,521","96,381",1,"14,941",18,0,27,1000
238,Awadhi,‡§Ö‡§µ‡§ß‡•Ä,awa,"2,436","5,345","24,089",1,"1,857",13,0,6,1000
239,Atayal,Tayal,tay,"2,42","2,815","54,039",0,"1,07",8,0,1,1000
240,Ingush,–ì”Ä–∞–ª–≥”Ä–∞–π,inh,"2,064","11,36","53,131",2,"3,222",17,34,95,1000
241,Karachay-Balkar,–ö—ä–∞—Ä–∞—á–∞–π-–ú–∞–ª–∫—ä–∞—Ä (Qarachay-Malqar),krc,"2,057","14,324","106,171",2,"9,618",14,0,264,1000
242,Kalmyk,–•–∞–ª—å–º–≥,xal,"2,046","11,777","84,81",1,"9,226",16,0,163,1000
243,Twi,Twi,tw,"2,04","4,788","86,832",2,"13,455",35,0,33,1000
244,Sakizaya,Sakizaya,szy,"2,03","5,348","128,338",1,"2,277",12,0,64,1000
245,Zhuang,Cuengh,za,"2,01","4,139","39,27",1,"9,675",15,0,11,1000
246,Karakalpak,Qaraqalpaqsha,kaa,"1,931","5,066","45,487",1,"10,139",23,3,24,1000
247,Pennsylvania German,Deitsch,pdc,"1,931","5,833","105,093",1,"30,183",19,0,74,1000
248,Atikamekw,Atikamekw,atj,"1,908","3,01","14,652",5,"3,641",13,0,2,1000
249,Tongan,faka Tonga,to,"1,895","5,311","41,513",2,"9,172",15,12,25,1000
250,Dagbani,Dagbanli,dag,"1,879","4,376","40,839",3,"1,72",53,0,16,1000
251,Aramaic,‹ê‹™‹°‹ù‹ê,arc,"1,833","6,396","95,171",2,"18,674",15,0,92,1000
252,Moksha,–ú–æ–∫—à–µ–Ω—å (Mokshanj K√§lj),mdf,"1,824","11,389","63,79",3,"8,456",17,0,154,1000
253,Kabiye,Kab…©y…õ,kbp,"1,698","3,373","16,044",2,"3,798",9,0,5,1000
254,Jamaican Patois,Jumiekan Kryuol,jam,"1,686","3,022","20,739",1,"7,142",12,0,4,1000
255,Nauruan,dorerin Naoero,na,"1,662","4,877","89,492",2,"11,424",21,4,69,1000
256,Wolof,Wolof,wo,"1,651","5,362","104,384",3,"13,838",10,0,98,1000
257,Kabardian Circassian,–ê–¥—ã–≥—ç–±–∑—ç (Adighabze),kbd,"1,596","6,739","43,673",1,"9,081",10,0,67,1000
258,Tulu,‡≤§‡≥Å‡≤≥‡≥Å,tcy,"1,587","8,431","98,74",2,"4,86",15,1,218,1000
259,Novial,Novial,nov,"1,52","4,41","177,68",3,"10,774",13,0,146,1000
260,Nias,Li Niha,nia,"1,513","3,594","17,262",1,"1,166",11,0,9,1000
261,Kikuyu,Gƒ©k≈©y≈©,ki,"1,503","3,07","20,531",1,"7,912",13,0,7,1000
262,Tetum,Tetun,tet,"1,501","3,898","66,339",2,"8,864",15,0,43,1000
263,Luganda,Luganda,lg,"1,418","4,806","26,701",1,"7,103",15,0,32,1000
264,Bislama,Bislama,bi,"1,364","3,236","41,539",2,"12,082",16,0,24,1000
265,Tok Pisin,Tok Pisin,tpi,"1,352","5,674","86,808",2,"12,276",15,0,156,1000
266,Lojban,Lojban,jbo,"1,304","5,708","111,601",2,"14,897",14,0,223,1000
267,Aromanian,Arm√£neashce,roa-rup,"1,283","4,25","205,173",1,"12,918",20,0,258,1000
268,Fijian,Na Vosa Vakaviti,fj,"1,275","3,627","35,376",1,"8,3",12,0,33,1000
269,Lak,–õ–∞–∫–∫—É,lbe,"1,264","14,594","50,138",2,"7,752",16,0,--,1000
270,Kongo,Kik√¥ngo,kg,"1,254","2,899","43,775",1,"9,906",19,0,26,1000
271,N‚ÄôKo,ﬂíﬂûﬂè,nqo,"1,254","2,538","9,713",1,"2,791",15,0,4,1000
272,Xhosa,isiXhosa,xh,"1,226","3,791","33,786",1,"11,6",21,0,39,1000
273,Tahitian,Reo MƒÅ`ohi,ty,"1,218","3,007","53,052",2,"6,808",9,0,38,1000
274,Mon,·Äô·Äî·Ä∫,mnw,"1,217","4,479","33,218",2,"2,588",20,0,53,1000
275,Kashmiri,‡§ï‡§∂‡•ç‡§Æ‡•Ä‡§∞‡•Ä / ŸÉÿ¥ŸÖŸäÿ±Ÿä,ks,"1,162","7,506","60,568",2,"9,239",24,9,241,1000
276,Old Church Slavonic,–°–ª–æ–≤—£–Ω—å—Å–∫—ä,cu,"1,161","5,551","82,471",2,"22,889",21,0,212,1000
277,Tachelhit,Tacl·∏•it,shi,"1,127","3,79","33,072",2,"1,408",15,0,49,1000
278,Sranan,Sranantongo,srn,"1,112","2,722","39,071",1,"6,984",12,0,30,1000
279,Seediq,Taroko,trv,"1,107","2,051","84,692",0,"1,145",12,0,30,1000
280,Oromo,Oromoo,om,"1,088","3,719","37,855",1,"9,347",21,0,60,1000
281,Samoan,Gagana Samoa,sm,"1,062","3,257","42,463",1,"9,558",15,0,56,1000
282,Guianan Creole,Kriy√≤l Gwiyannen,gcr,"1,049","2,553","16,187",1,"2,136",10,0,13,1000
283,Southern Altai,–ê–ª—Ç–∞–π,alt,"1,044","3,563","35,657",2,"1,558",8,0,58,1000
284,Cherokee,·è£·é≥·é©,chr,"1,025","3,9","46,109",1,"21,619",16,0,93,1000
285,Latgalian,Latgaƒºu,ltg,"1,014","3,22","35,301",1,"6,635",10,0,52,1000
286,Chichewa,Chichewa,ny,913,"3,998","37,724",2,"9,281",18,0,108,100
287,Norfolk,Norfuk,pih,891,"3,32","44,065",1,"10,387",21,0,99,100
288,Gothic,êå≤êåøêçÑêåπêçÉêå∫,got,863,"3,792","46,071",1,"17,579",18,0,140,100
289,Madurese,Madhur√¢,mad,857,"1,62","8,381",0,"1,505",12,0,4,100
290,Gun,Gungbe,guw,837,"1,253","25,151",1,425,26,0,5,100
291,Sesotho,Sesotho,st,835,"4,229","28,282",1,"9,341",18,0,110,100
292,Amis,Pangcah,ami,824,"1,651","31,917",0,841,16,0,19,100
293,Tswana,Setswana,tn,753,"3,186","26,63",2,"9,147",20,0,87,100
294,Romani,romani - ‡§∞‡•ã‡§Æ‡§æ‡§®‡•Ä,rmy,729,"2,694","50,025",2,"16,308",13,0,135,100
295,Bambara,Bamanankan,bm,725,"3,128","40,145",2,"9,786",16,0,141,100
296,Tsonga,Xitsonga,ts,711,"3,744","36,554",2,"8,749",12,0,178,100
297,Cheyenne,Tsets√™hest√¢hese,chy,663,"2,258","24,091",1,"10,519",11,0,62,100
298,Venda,Tshivenda,ve,637,"2,117","19,09",1,"7,132",9,0,49,100
299,Kirundi,Ikirundi,rn,615,"2,439","23,055",1,"8,913",25,0,83,100
300,Inuktitut,·êÉ·ìÑ·íÉ·ëé·ëê·ë¶,iu,593,"3,175","44,469",2,"16,871",16,0,266,100
301,Akan,Akana,ak,590,"2,427","28,822",1,"12,259",20,0,115,100
302,Swati,SiSwati,ss,552,"2,382","38,017",3,"7,562",14,0,175,100
303,Chamorro,Chamoru,ch,541,"2,494","22,824",1,"14,308",12,0,119,100
304,Pontic,Œ†ŒøŒΩœÑŒπŒ±Œ∫Œ¨,pnt,479,"2,032","35,107",1,"9,389",10,0,--,100
305,Adyghe,–ê–¥—ã–≥—ç–±–∑—ç,ady,451,"3,054","11,971",1,"5,904",11,0,--,100
306,Tyap,Tyap,kcg,430,"1,434","14,775",0,353,16,0,--,100
307,Fula,Fulfulde,ff,418,"2,344","23,663",0,"7,782",18,0,--,100
308,Inupiak,I√±upiatun,ik,413,"2,54","37,471",1,"7,88",13,0,--,100
309,Ewe,E ãegbe,ee,384,"3,043","49,407",2,"13,155",15,0,--,100
310,Dinka,Thu…î≈ãj√§≈ã,din,301,"1,08","7,271",1,"5,64",8,0,--,100
311,Sango,S√§ng√∂,sg,283,"1,979","20,46",2,"5,932",10,0,--,100
312,Paiwan,Paiwan,pwn,273,422,"8,243",0,776,8,0,--,100
313,Greenlandic,Kalaallisut,kl,242,"2,253","74,425",2,"12,202",13,0,--,100
314,Tigrinya,·âµ·åç·à≠·äõ,ti,232,"2,719","23,682",2,"8,398",10,0,--,100
315,Dzongkha,‡Ωá‡Ωº‡ΩÑ‡ºã‡ΩÅ,dz,227,"2,227","29,231",1,"9,125",17,0,--,100
316,Cree,Nehiyaw,cr,158,"2,153","36,838",2,"16,609",15,0,--,100
317,Ndonga,Ndonga,ng,8,443,"5,923",1,"2,385",0,0,--,10
318,Choctaw,Choctaw,cho,6,201,"4,22",1,"1,809",0,0,--,10
319,Kuanyama,Kuanyama,kj,4,114,"3,548",1,"1,376",0,0,--,10
320,Marshallese,Ebon,mh,4,206,"4,212",1,"2,14",0,0,--,10
321,Hiri Motu,Hiri Motu,ho,3,129,"3,786",1,"1,575",0,0,--,10
322,Sichuan Yi,ÍÜáÍâô,ii,3,189,"11,653",1,"2,031",0,0,--,10
323,Northern Luri,ŸÑ€äÿ±€å ÿ¥ŸàŸÖÿßŸÑ€å,lrc,1,237,"140,064",1,"5,036",2,0,--,10
324,Muscogee,Muskogee,mus,1,115,"3,603",1,"2,348",1,0,--,10
325,Afar,Afar,aa,0,509,"4,686",1,"4,061",3,0,--,0
326,Herero,Otsiherero,hz,0,176,"4,483",1,"3,761",1,0,--,0
327,Kanuri,Kanuri,kr,0,162,"4,641",1,"5,464",0,0,--,0